{
  "best_weights": {
    "piece_size": 1.2009031395321637,
    "new_paths": 1.8895449667884565,
    "blocked_opponents": 2.41826519198835,
    "corner_control": 1.3569151950981349,
    "compactness": 0.9967653638306112,
    "flexibility": 1.713873551407392,
    "mobility": 0.7301132706621534,
    "opponent_restriction": 0.8902112339498292,
    "endgame_optimization": 1.196200295937166,
    "territory_expansion": 1.153690337147856
  },
  "best_win_rate": 0.3333333333333333,
  "all_results": [
    {
      "weights": {
        "piece_size": 1.0981125818441584,
        "new_paths": 2.214697793231912,
        "blocked_opponents": 2.313053987922963,
        "corner_control": 1.7093325174169733,
        "compactness": 0.927989317689583,
        "flexibility": 2.555521094412214,
        "mobility": 1.0882992636218065,
        "opponent_restriction": 2.5617399770748803,
        "endgame_optimization": 0.795788238919521,
        "territory_expansion": 0.9022768384203512
      },
      "win_rate": 0.13333333333333333
    },
    {
      "weights": {
        "piece_size": 1.8445277560193118,
        "new_paths": 1.7514603014215298,
        "blocked_opponents": 1.6924469952734624,
        "corner_control": 1.7614855033365044,
        "compactness": 1.0621164754891748,
        "flexibility": 1.6741999620005716,
        "mobility": 1.0003812924569588,
        "opponent_restriction": 2.365607827413563,
        "endgame_optimization": 1.2901794885059752,
        "territory_expansion": 1.1879604943725537
      },
      "win_rate": 0.26666666666666666
    },
    {
      "weights": {
        "piece_size": 1.6434646410955052,
        "new_paths": 2.007549543562993,
        "blocked_opponents": 2.595814266639274,
        "corner_control": 1.1885585207118805,
        "compactness": 1.14777517260733,
        "flexibility": 1.6277074129556317,
        "mobility": 0.955777838727558,
        "opponent_restriction": 1.6422297264557917,
        "endgame_optimization": 1.2115566195753282,
        "territory_expansion": 0.8921270479800294
      },
      "win_rate": 0.2
    },
    {
      "weights": {
        "piece_size": 1.7617574446430075,
        "new_paths": 2.84401934102803,
        "blocked_opponents": 1.8151223858015249,
        "corner_control": 1.601139643258226,
        "compactness": 0.9242498758466465,
        "flexibility": 2.105433390451745,
        "mobility": 1.239638930537658,
        "opponent_restriction": 2.3181572400684174,
        "endgame_optimization": 1.1042737188648168,
        "territory_expansion": 0.9345544772063161
      },
      "win_rate": 0.06666666666666667
    },
    {
      "weights": {
        "piece_size": 1.1732691094310288,
        "new_paths": 2.556430334558093,
        "blocked_opponents": 2.3298853939047754,
        "corner_control": 1.6079414731621875,
        "compactness": 0.767201422990011,
        "flexibility": 1.9562542291442915,
        "mobility": 1.1651346938245095,
        "opponent_restriction": 1.8014465607252923,
        "endgame_optimization": 0.8535438065448222,
        "territory_expansion": 0.9700037833578992
      },
      "win_rate": 0.13333333333333333
    },
    {
      "weights": {
        "piece_size": 1.3558818496263796,
        "new_paths": 2.617583143422144,
        "blocked_opponents": 1.8004573677296998,
        "corner_control": 1.9334312916048548,
        "compactness": 1.1513668595493691,
        "flexibility": 2.066247269366297,
        "mobility": 1.0289667061316903,
        "opponent_restriction": 1.6661138581235237,
        "endgame_optimization": 1.1666743030257452,
        "territory_expansion": 1.2063551083779405
      },
      "win_rate": 0.26666666666666666
    },
    {
      "weights": {
        "piece_size": 1.7298838922740083,
        "new_paths": 1.8257413896713968,
        "blocked_opponents": 2.052291055619856,
        "corner_control": 1.3780912854922214,
        "compactness": 0.9325433160772183,
        "flexibility": 2.236767112337983,
        "mobility": 1.1858406722232555,
        "opponent_restriction": 2.0276389317925387,
        "endgame_optimization": 1.196251449554105,
        "territory_expansion": 0.9922466725604178
      },
      "win_rate": 0.06666666666666667
    },
    {
      "weights": {
        "piece_size": 1.6507202815837574,
        "new_paths": 3.2184810847903305,
        "blocked_opponents": 1.5234428530836261,
        "corner_control": 1.429202856709667,
        "compactness": 0.8354434593707016,
        "flexibility": 1.5056249548802252,
        "mobility": 1.0440646676448408,
        "opponent_restriction": 1.7899453064220203,
        "endgame_optimization": 0.7244960537243006,
        "territory_expansion": 0.7801184231175358
      },
      "win_rate": 0.2
    },
    {
      "weights": {
        "piece_size": 1.222635156668261,
        "new_paths": 2.958023702477901,
        "blocked_opponents": 2.1657114427484445,
        "corner_control": 1.5723730188657992,
        "compactness": 0.974984169376357,
        "flexibility": 2.1385739185206885,
        "mobility": 0.7384872634760264,
        "opponent_restriction": 2.3178444566693237,
        "endgame_optimization": 0.7070761872080784,
        "territory_expansion": 1.2512980750467784
      },
      "win_rate": 0.26666666666666666
    },
    {
      "weights": {
        "piece_size": 1.2683013684526612,
        "new_paths": 1.8799199000895361,
        "blocked_opponents": 1.5701323641763734,
        "corner_control": 1.9243858040354593,
        "compactness": 0.8807918809647715,
        "flexibility": 2.060187955639179,
        "mobility": 0.7250899321654118,
        "opponent_restriction": 1.5466120437598136,
        "endgame_optimization": 1.244329700459968,
        "territory_expansion": 1.185797750477442
      },
      "win_rate": 0.06666666666666667
    },
    {
      "weights": {
        "piece_size": 1.1627048081179274,
        "new_paths": 2.2373469356076487,
        "blocked_opponents": 1.5157052695509805,
        "corner_control": 1.7867133230581438,
        "compactness": 0.7223501759154896,
        "flexibility": 1.6788065639002467,
        "mobility": 1.1567431979982612,
        "opponent_restriction": 2.5749748894744795,
        "endgame_optimization": 0.9903886591408138,
        "territory_expansion": 0.9638558875893417
      },
      "win_rate": 0.13333333333333333
    },
    {
      "weights": {
        "piece_size": 1.2010017841372598,
        "new_paths": 1.8544059957713355,
        "blocked_opponents": 2.480359220821941,
        "corner_control": 1.2795722961765639,
        "compactness": 1.140057683636454,
        "flexibility": 2.4296033866833944,
        "mobility": 0.7656141110329782,
        "opponent_restriction": 2.288109930706892,
        "endgame_optimization": 1.0044110416499359,
        "territory_expansion": 0.8564233063397051
      },
      "win_rate": 0.06666666666666667
    },
    {
      "weights": {
        "piece_size": 1.6807875260447673,
        "new_paths": 1.856288297387195,
        "blocked_opponents": 1.6802636835107554,
        "corner_control": 1.4239319900135958,
        "compactness": 0.8468424038290385,
        "flexibility": 1.4882849922451897,
        "mobility": 0.8976727370853341,
        "opponent_restriction": 2.448714602382843,
        "endgame_optimization": 0.9309220401989031,
        "territory_expansion": 1.0428301428755717
      },
      "win_rate": 0.06666666666666667
    },
    {
      "weights": {
        "piece_size": 1.0507594619861,
        "new_paths": 2.637320015692305,
        "blocked_opponents": 2.051154431691366,
        "corner_control": 1.6180343797998107,
        "compactness": 0.998177770431174,
        "flexibility": 2.0995229674750515,
        "mobility": 0.993578794744006,
        "opponent_restriction": 1.9002382477435957,
        "endgame_optimization": 1.0070022357441497,
        "territory_expansion": 1.1372526453013212
      },